qjackctl (0.9.10-54.1) unstable; urgency=low

  * An Early-Spring'23 release.

 -- Rui Nuno Capela <rncbc@rncbc.org>  Wed, 23 Mar 2023 20:00:00 +0000

qjackctl (0.9.9-53.1) unstable; urgency=low

  * An End-of-Year'22 release.

 -- Rui Nuno Capela <rncbc@rncbc.org>  Wed, 28 Dec 2022 20:00:00 +0000

qjackctl (0.9.8-52.1) unstable; urgency=low

  * An Early-Autumn'22 release.

 -- Rui Nuno Capela <rncbc@rncbc.org>  Mon,  3 Oct 2022 12:00:00 +0100

qjackctl (0.9.7-51.2) unstable; urgency=low

  * A Spring'22 release.

 -- Rui Nuno Capela <rncbc@rncbc.org>  Sat,  2 Apr 2022 12:00:00 +0100

qjackctl (0.9.6-50.1) unstable; urgency=low

  * A Winter'22 release.

 -- Rui Nuno Capela <rncbc@rncbc.org>  Sun,  9 Jan 2022 19:00:00 +0000

qjackctl (0.9.5-49.1) unstable; urgency=low

  * Autumn'21 release.

 -- Rui Nuno Capela <rncbc@rncbc.org>  Tue,  5 Oct 2021 12:00:00 +0100

qjackctl (0.9.4-48.1) unstable; urgency=low

  * Early-Summer'21 release.

 -- Rui Nuno Capela <rncbc@rncbc.org>  Sun,  4 Jul 2021 20:00:00 +0100

qjackctl (0.9.3-47.1) unstable; urgency=low

  * Spring'21 release.

 -- Rui Nuno Capela <rncbc@rncbc.org>  Tue, 11 May 2021 20:00:00 +0100

qjackctl (0.9.2-46) unstable; urgency=low

  * End-of-Winter'21 release.

 -- Rui Nuno Capela <rncbc@rncbc.org>  Sun, 14 Mar 2021 12:00:00 +0000

qjackctl (0.9.1-45) unstable; urgency=low

  * Winter'21 release.

 -- Rui Nuno Capela <rncbc@rncbc.org>  Sun,  7 Feb 2021 12:00:00 +0000

qjackctl (0.9.0-44) unstable; urgency=low

  * Winter'20 release.

 -- Rui Nuno Capela <rncbc@rncbc.org>  Thu, 17 Dec 2020 20:00:00 +0000

qjackctl (0.6.3-43) unstable; urgency=low

  * Summer'20 release.

 -- Rui Nuno Capela <rncbc@rncbc.org>  Fri, 31 Jul 2020 20:00:00 +0100

qjackctl (0.6.2-42) unstable; urgency=low

  * Spring'20 release.

 -- Rui Nuno Capela <rncbc@rncbc.org>  Tue, 24 Mar 2020 20:00:00 +0000

qjackctl (0.6.1-40) unstable; urgency=low

  * Winter'19 release.

 -- Rui Nuno Capela <rncbc@rncbc.org>  Sun, 22 Oct 2019 19:00:00 +0000

qjackctl (0.6.0-39) unstable; urgency=low

  * Autumn'19 release.

 -- Rui Nuno Capela <rncbc@rncbc.org>  Thu, 17 Oct 2019 19:00:00 +0100

qjackctl (0.5.9-38) unstable; urgency=low

  * Summer'19 release.

 -- Rui Nuno Capela <rncbc@rncbc.org>  Fri, 12 Jul 2019 19:00:00 +0100

qjackctl (0.5.8-37) unstable; urgency=low

  * Spring'19 release.

 -- Rui Nuno Capela <rncbc@rncbc.org>  Sat, 25 May 2019 12:00:00 +0100

qjackctl (0.5.7-36) unstable; urgency=low

  * Spring-Break'19 release.

 -- Rui Nuno Capela <rncbc@rncbc.org>  Thu, 11 Apr 2019 19:00:00 +0000

qjackctl (0.5.6-35) unstable; urgency=low

  * Pre-LAC2019 release frenzy.

 -- Rui Nuno Capela <rncbc@rncbc.org>  Mon, 11 Mar 2019 19:00:00 +0000

qjackctl (0.5.5-34) unstable; urgency=low

  * Black-Friday'18 release.

 -- Rui Nuno Capela <rncbc@rncbc.org>  Fri, 23 Nov 2018 19:00:00 +0100

qjackctl (0.5.4-33) unstable; urgency=low

  * Early Autumn'18 release.

 -- Rui Nuno Capela <rncbc@rncbc.org>  Mon, 24 Sep 2018 19:00:00 +0100

qjackctl (0.5.3-32) unstable; urgency=low

  * Summer'18 release.

 -- Rui Nuno Capela <rncbc@rncbc.org>  Sun, 22 Jul 2018 20:00:00 +0100

qjackctl (0.5.2-31) unstable; urgency=low

  * Pre-LAC2018 release frenzy hotfix.

 -- Rui Nuno Capela <rncbc@rncbc.org>  Sun, 27 May 2018 20:00:00 +0100

qjackctl (0.5.1-30) unstable; urgency=low

  * Pre-LAC2018 release frenzy.

 -- Rui Nuno Capela <rncbc@rncbc.org>  Mon, 21 May 2018 12:00:00 +0100

qjackctl (0.5.0-29) unstable; urgency=low

  * End of Autumn'17 release.

 -- Rui Nuno Capela <rncbc@rncbc.org>  Sat, 16 Dec 2017 19:00:00 +0000

qjackctl (0.4.5-28) unstable; urgency=low

  * Pre-LAC2017 release frenzy.

 -- Rui Nuno Capela <rncbc@rncbc.org>  Thu, 27 Apr 2017 19:00:00 +0000

qjackctl (0.4.4-27) unstable; urgency=low

  * A Fall'16 release.

 -- Rui Nuno Capela <rncbc@rncbc.org>  Mon, 14 Nov 2016 12:00:00 +0000

qjackctl (0.4.3-26) unstable; urgency=low

  * End of Summer'16 release.

 -- Rui Nuno Capela <rncbc@rncbc.org>  Wed, 14 Sep 2016 12:00:00 +0100

qjackctl (0.4.2-25) unstable; urgency=low

  * Spring'16 release frenzy.

 -- Rui Nuno Capela <rncbc@rncbc.org>  Tue,  5 Apr 2016 18:30:00 +0100

qjackctl (0.4.1-24) unstable; urgency=low

  * A Fall'15 release.

 -- Rui Nuno Capela <rncbc@rncbc.org>  Wed, 28 Oct 2015 19:00:00 +0000

qjackctl (0.4.0-23) unstable; urgency=low

  * Summer'15 release frenzy.

 -- Rui Nuno Capela <rncbc@rncbc.org>  Wed, 15 Jul 2015 18:30:00 +0100

qjackctl (0.3.13-22) unstable; urgency=low

  * Pre-LAC2015 release frenzy.

 -- Rui Nuno Capela <rncbc@rncbc.org>  Wed, 25 Mar 2015 18:30:00 +0100

qjackctl (0.3.12-20) unstable; urgency=low

  * JACK Pretty-names aliasing.

 -- Rui Nuno Capela <rncbc@rncbc.org>  Sun, 19 Oct 2014 21:00:00 +0100

qjackctl (0.3.11-21) unstable; urgency=low

  * A fifth of a Jubilee release.

 -- Rui Nuno Capela <rncbc@rncbc.org>  Tue, 31 Dec 2013 12:00:00 +0100

qjackctl (0.3.10-19) unstable; urgency=low

  * The singing swan rehersal.

 -- Rui Nuno Capela <rncbc@rncbc.org>  Mon,  1 Apr 2013 18:54:32 +0100

qjackctl (0.3.9-18) unstable; urgency=low

  * The last of the remnants.

 -- Rui Nuno Capela <rncbc@rncbc.org>  Fri, 18 May 2012 16:32:10 +0100

qjackctl (0.3.8-17) unstable; urgency=low

  * JACK Session versioning.

 -- Rui Nuno Capela <rncbc@rncbc.org>  Fri, 1 Jul 2011 10:03:40 +0100

qjackctl (0.3.7-16) unstable; urgency=low

  * JACK Session managerism.

 -- Rui Nuno Capela <rncbc@rncbc.org>  Tue, 30 Nov 2010 18:49:10 +0100

qjackctl (0.3.6-15) unstable; urgency=low

  * Full D-Busification!

 -- Rui Nuno Capela <rncbc@rncbc.org>  Tue,  9 Mar 2010 19:00:01 +0100

qjackctl (0.3.5-14) unstable; urgency=low

  * Slipped away!

 -- Rui Nuno Capela <rncbc@rncbc.org>  Wed, 30 Sep 2009 17:33:02 +0100

qjackctl (0.3.4-13) unstable; urgency=low

  * Patchbay snapshot revamp. 

 -- Rui Nuno Capela <rncbc@rncbc.org>  Fri, 5 Dec 2008 18:48:00 +0100

qjackctl (0.3.3-12) unstable; urgency=low

  * Patchbay JACK-MIDI, file logging and X11 uniqueness. 

 -- Rui Nuno Capela <rncbc@rncbc.org>  Sat, 7 Jun 2008 14:51:06 +0100

qjackctl (0.3.2-11) unstable; urgency=low

  * Patchbay heads-up with season greetings. 

 -- Rui Nuno Capela <rncbc@rncbc.org>  Thu, 20 Dec 2007 10:15:01 +0100

qjackctl (0.3.1a-10) unstable; urgency=low

  * System-tray tooltip icon crash fix.

 -- Rui Nuno Capela <rncbc@rncbc.org>  Thu, 19 Jul 2007 08:38:05 +0100

qjackctl (0.3.1-9) unstable; urgency=low

  * Shallowed bug-fix release.

 -- Rui Nuno Capela <rncbc@rncbc.org>  Wed, 18 Jul 2007 17:12:03 +0100

qjackctl (0.3.0-8) unstable; urgency=low

  * Qt migration was complete.

 -- Rui Nuno Capela <rncbc@rncbc.org>  Tue, 10 Jul 2007 16:01:20 +0100

qjackctl (0.2.23-7) unstable; urgency=low

  * Initial debianization

 -- Rui Nuno Capela <rncbc@rncbc.org>  Mon, 25 Jun 2007 10:42:40 +0100
